{
    "fullfinetuned": {
        "llama3_8b": 0.6145833333333334,
        "codellama": 0.20833333333333334
    },
    "fullfinetuned_rag": {
        "llama3_8b": 0.6875,
        "codellama": 0.20833333333333334
    },
    "prompt": {
        "llama3_8b": 0.3958333333333333,
        "codellama": 0.16666666666666666
    },
    "prompt_rag": {
        "llama3_8b": 0.3958333333333333,
        "codellama": 0.14583333333333334
    }
}